7:5567779-5568180--ACTB--Reddy_2281T----C--snapshot.png	4	rdmorin	NCN	looks reasonable
7:5568091-5568492--ACTB--Reddy_3873T--GGATAGCACAGCCT----snapshot.png	5	rdmorin	NCN	
7:5568600-5569001--ACTB--Reddy_2604T--TCT----snapshot.png	3	rdmorin	LCT;NCN	
7:5567247-5567648--ACTB--Reddy_3832T--G-C--snapshot.png	4	rdmorin	NCN	
7:5567296-5567697--ACTB--Reddy_2225T--G-C--snapshot.png	5	rdmorin		
7:5567488-5567889--ACTB--Reddy_2666T--C-T--snapshot.png	2	rdmorin	NCN	
7:5567539-5567940--ACTB--Reddy_3820T--A-T--snapshot.png	1	rdmorin	NCN	
7:5567798-5568199--ACTB--Reddy_2762T--C-T--snapshot.png	1	rdmorin	NCN	
7:5567864-5568265--ACTB--Reddy_2654T--C-T--snapshot.png	3	rdmorin	LVF;NCN	
11:108191849-108192250--ATM--Reddy_2865T--GTGTAA----snapshot.png	2	rdmorin	NCN	
11:108198192-108198593--ATM--Reddy_2306T--TACA----snapshot.png	5	rdmorin	NCN	
11:108235991-108236392--ATM--Reddy_2838T--A----snapshot.png	5	rdmorin	NCN	
11:108117535-108117936--ATM--Reddy_2678T--T-C--snapshot.png	2	rdmorin	NCN	
11:108121278-108121679--ATM--Reddy_3400T--A-G--snapshot.png	1	rdmorin	LVF;NCN	Appears to be amplicon contamination
11:108121278-108121679--ATM--Reddy_3404T--A-G--snapshot.png	0	rdmorin	LVF;NCN	Appears to be amplicon contamination
11:108121331-108121732--ATM--Reddy_2650T--C-G--snapshot.png	1	rdmorin	LVF;NCN	Appears to be amplicon contamination
7:5568600-5569001--ACTB--Reddy_3664T--TCT----snapshot.png	4	rdmorin	NCN	
7:5567900-5568301--ACTB--Reddy_3941T--T-A--snapshot.png	2	rdmorin	NCN	
11:532516-532917--HRAS--Reddy_2253T--G-A--snapshot.png	3	rdmorin	LVF	
11:532500-532901--HRAS--Reddy_2912T--C-T--snapshot.png	1	rdmorin	SIO;NCN	
11:533269-533670--HRAS--Reddy_2777T--G-A--snapshot.png	1	rdmorin	NCN	
11:533269-533670--HRAS--Reddy_3482T--G-A--snapshot.png	1	rdmorin	NCN	
11:533269-533670--HRAS--Reddy_3537T--G-A--snapshot.png	1	rdmorin	NCN	
11:533269-533670--HRAS--Reddy_3726T--G-A--snapshot.png	1	rdmorin	NCN	
11:533735-534136--HRAS--Reddy_3580T--G-A--snapshot.png	1	rdmorin	NCN	
11:108121331-108121732--ATM--Reddy_3454T--C-G--snapshot.png	2	rdmorin	AI	
11:108121449-108121850--ATM--Reddy_2545T--A-C--snapshot.png	2	rdmorin	LVF;NCN	
11:108122404-108122805--ATM--Reddy_3490T--A-G--snapshot.png	2	rdmorin	HDR;NCN	
11:108122459-108122860--ATM--Reddy_3468T--G-T--snapshot.png	3	rdmorin	NCN	
11:108123355-108123756--ATM--Reddy_3631T--A-G--snapshot.png	4	rdmorin		
11:108138940-108139341--ATM--Reddy_2838T--C-T--snapshot.png	4	rdmorin		
11:108141782-108142183--ATM--Reddy_3971T--G-T--snapshot.png	1	rdmorin	NCN	Evidence of amplicon
5:158526185-158526586--EBF1--Reddy_3644T--GGCGCCCT----snapshot.png	4	rdmorin	MM;NCN	
5:158139802-158140203--EBF1--Reddy_3453T--C-T--snapshot.png	4	rdmorin	NCN	
5:158139924-158140325--EBF1--Reddy_2805T--G-A--snapshot.png	2	rdmorin	LVF;NCN	
5:158157925-158158326--EBF1--Reddy_3644T--T-A--snapshot.png	3	rdmorin	LVF;NCN	
5:158250062-158250463--EBF1--Reddy_2933T--C-A--snapshot.png	4	rdmorin		
5:158250118-158250519--EBF1--Reddy_3713T--A-T--snapshot.png	4	rdmorin		
5:158266844-158267245--EBF1--Reddy_2716T--C-A--snapshot.png	4	rdmorin		
5:158266883-158267284--EBF1--Reddy_2577T--T-A--snapshot.png	1	rdmorin		
5:158266883-158267284--EBF1--Reddy_2619T--T-G--snapshot.png	4	rdmorin		
5:158266883-158267284--EBF1--Reddy_2889T--T-A--snapshot.png	4	rdmorin	LVF	
5:158266883-158267284--EBF1--Reddy_3843T--T-G--snapshot.png	4	rdmorin	LVF	
5:158511537-158511938--EBF1--Reddy_3712T--T-C--snapshot.png	2	rdmorin	SSE	Suspected amplicon contaminant
7:148508527-148508928--EZH2--Reddy_2102T--T-G--snapshot.png	4	rdmorin	NCN	
7:148508527-148508928--EZH2--Reddy_2158T--T-A--snapshot.png	1	rdmorin	LVF;NCN	
7:148508527-148508928--EZH2--Reddy_2242T--T-G--snapshot.png	4	rdmorin		
7:148508527-148508928--EZH2--Reddy_2271T--T-G--snapshot.png	4	rdmorin	LVF	
7:148508527-148508928--EZH2--Reddy_2468T--T-G--snapshot.png	4	rdmorin		
7:148508527-148508928--EZH2--Reddy_2488T--T-A--snapshot.png	2	rdmorin	LVF	
7:148508527-148508928--EZH2--Reddy_2555T--T-G--snapshot.png	5	rdmorin		
7:148508527-148508928--EZH2--Reddy_2566T--T-G--snapshot.png	5	rdmorin		
7:148508527-148508928--EZH2--Reddy_2613T--T-G--snapshot.png	5	rdmorin		
7:148508527-148508928--EZH2--Reddy_2832T--T-G--snapshot.png	5	rdmorin		
7:148508527-148508928--EZH2--Reddy_2882T--T-G--snapshot.png	5	rdmorin		
7:148508527-148508928--EZH2--Reddy_2955T--T-A--snapshot.png	4	rdmorin	LVF	
7:148508527-148508928--EZH2--Reddy_3411T--T-A--snapshot.png	3	rdmorin	LVF	
7:148508527-148508928--EZH2--Reddy_3595T--T-G--snapshot.png	4	rdmorin		
7:148508527-148508928--EZH2--Reddy_3627T--T-G--snapshot.png	4	rdmorin		
7:148508527-148508928--EZH2--Reddy_3653T--T-G--snapshot.png	3	rdmorin		
7:148508527-148508928--EZH2--Reddy_3661T--T-A--snapshot.png	3	rdmorin		
7:148508527-148508928--EZH2--Reddy_3688T--T-A--snapshot.png	3	rdmorin		
7:148508527-148508928--EZH2--Reddy_3704T--T-G--snapshot.png	3	rdmorin		
7:148508527-148508928--EZH2--Reddy_3893T--T-G--snapshot.png	3	rdmorin	MV	
7:148508527-148508928--EZH2--Reddy_3906T--T-G--snapshot.png	3	rdmorin		
7:148508527-148508928--EZH2--Reddy_3911T--T-C--snapshot.png	4	rdmorin		
7:148508528-148508929--EZH2--Reddy_2211T--A-G--snapshot.png	4	rdmorin		
7:148508528-148508929--EZH2--Reddy_2471T--A-G--snapshot.png	4	rdmorin		
7:148508528-148508929--EZH2--Reddy_2475T--A-G--snapshot.png	5	rdmorin		
7:148508528-148508929--EZH2--Reddy_2605T--A-G--snapshot.png	4	rdmorin	MV	
7:148508528-148508929--EZH2--Reddy_2609T--A-G--snapshot.png	5	rdmorin		
7:148508528-148508929--EZH2--Reddy_3382T--A-G--snapshot.png	4	rdmorin	LVF	
7:148508528-148508929--EZH2--Reddy_3712T--A-G--snapshot.png	4	rdmorin	LVF	
7:148508528-148508929--EZH2--Reddy_3747T--A-G--snapshot.png	5	rdmorin		
7:148508528-148508929--EZH2--Reddy_3838T--A-G--snapshot.png	5	rdmorin		
7:148508528-148508929--EZH2--Reddy_3969T--A-G--snapshot.png	3	rdmorin		
7:148508541-148508942--EZH2--Reddy_2955T--T-A--snapshot.png	1	rdmorin	MV;LVF	
1:190068008-190068409--BRINP3--Reddy_2232T--C----snapshot.png	4	rdmorin	LVF	
1:190067105-190067506--BRINP3--Reddy_2250T--G-T--snapshot.png	4	rdmorin		
1:190067265-190067666--BRINP3--Reddy_3628T--T-A--snapshot.png	3	rdmorin		
1:190067413-190067814--BRINP3--Reddy_3889T--T-G--snapshot.png	2	rdmorin	LVF	
1:190067885-190068286--BRINP3--Reddy_3461T--T-C--snapshot.png	4	rdmorin		
1:190129655-190130056--BRINP3--Reddy_3856T--A-T--snapshot.png	4	rdmorin	LVF	
1:190129725-190130126--BRINP3--Reddy_2128T--G-A--snapshot.png	4	rdmorin		
1:190129725-190130126--BRINP3--Reddy_2263T--G-A--snapshot.png	3	rdmorin	SSE	
1:190129782-190130183--BRINP3--Reddy_2882T--A-G--snapshot.png	2	rdmorin		
1:190129783-190130184--BRINP3--Reddy_2834T--A-C--snapshot.png	2	rdmorin	SSE	
1:190195200-190195601--BRINP3--Reddy_695T--G-T--snapshot.png	2	rdmorin	LVF	
1:190203340-190203741--BRINP3--Reddy_2642T--A-G--snapshot.png	4	rdmorin		
1:190203340-190203741--BRINP3--Reddy_2642T--A-G--snapshot.png	4	rdmorin		
7:140452936-140453337--BRAF--Reddy_3504T--A-T--snapshot.png	2	rdmorin		
7:140452953-140453354--BRAF--Reddy_2632T--A-T--snapshot.png	2	rdmorin		
7:140452954-140453355--BRAF--Reddy_3628T--T-G--snapshot.png	2	rdmorin		
7:140452955-140453356--BRAF--Reddy_3859T--C-T--snapshot.png	2	rdmorin		
7:140453787-140454188--BRAF--Reddy_2700T--T-G--snapshot.png	3	rdmorin		
7:140481188-140481589--BRAF--Reddy_2573T--C-A--snapshot.png	2	rdmorin		
7:140481202-140481603--BRAF--Reddy_2785T--C-G--snapshot.png	2	rdmorin		
7:140481202-140481603--BRAF--Reddy_2901T--C-G--snapshot.png	3	rdmorin		
7:140481202-140481603--BRAF--Reddy_3460T--C-G--snapshot.png	3	rdmorin	LVF	
7:140481212-140481613--BRAF--Reddy_2781T--C-T--snapshot.png	4	rdmorin		
7:140534318-140534719--BRAF--Reddy_3513T--G-A--snapshot.png	2	rdmorin		
7:140439527-140439928--BRAF--Reddy_2262T--C-T--snapshot.png	1	rdmorin		
7:140439527-140439928--BRAF--Reddy_2614T--C-T--snapshot.png	1	rdmorin		
7:140482664-140483065--BRAF--Reddy_3640T--C-T--snapshot.png	1	rdmorin		
7:140487159-140487560--BRAF--Reddy_2126T--C-T--snapshot.png	1	rdmorin		
7:140487159-140487560--BRAF--Reddy_2915T--C-T--snapshot.png	1	rdmorin		
7:140487159-140487560--BRAF--Reddy_3903T--C-T--snapshot.png	1	rdmorin		
7:140493969-140494370--BRAF--Reddy_2201T--C-T--snapshot.png	1	rdmorin		
7:140493969-140494370--BRAF--Reddy_2629T--C-T--snapshot.png	1	rdmorin		
7:140494008-140494409--BRAF--Reddy_2293T--C-T--snapshot.png	1	rdmorin		
7:140501094-140501495--BRAF--Reddy_3682T--G-A--snapshot.png	1	rdmorin		
7:140624240-140624641--BRAF--Reddy_2778T--C-T--snapshot.png	1	rdmorin		
7:140624240-140624641--BRAF--Reddy_2778T--C-T--snapshot.png	1	rdmorin		
7:140624240-140624641--BRAF--Reddy_2778T--C-T--snapshot.png	1	rdmorin		
7:5567910-5568311--ACTB--Reddy_2764T--T-A--snapshot.png	4	rdmorin	LVF	
7:5567949-5568350--ACTB--Reddy_3946T--G-A--snapshot.png	2	rdmorin		
7:5567957-5568358--ACTB--Reddy_2483T--G-C--snapshot.png	4	rdmorin		
11:108151526-108151927--ATM--Reddy_2816T--A-G--snapshot.png	3	rdmorin	AI	
11:108163242-108163643--ATM--Reddy_2600T--T-A--snapshot.png	3	rdmorin		
11:108165529-108165930--ATM--Reddy_3968T--C-T--snapshot.png	4	rdmorin		
11:108182951-108183352--ATM--Reddy_2565T--G-T--snapshot.png	4	rdmorin		
11:108195841-108196242--ATM--Reddy_2552T--G-A--snapshot.png	4	rdmorin		
11:108196733-108197134--ATM--Reddy_2899T--T-A--snapshot.png	3	rdmorin		
11:108204414-108204815--ATM--Reddy_2833T--A-C--snapshot.png	2	rdmorin		
11:108213791-108214192--ATM--Reddy_2934T--A-G--snapshot.png	4	rdmorin		
11:108213806-108214207--ATM--Reddy_3929T--A-T--snapshot.png	3	rdmorin		
12:122459805-122460206--BCL7A--Reddy_2613T--GCAGGTCGGTTCGA----snapshot.png	4	rdmorin	MM	
12:122459809-122460210--BCL7A--Reddy_2554T--GTCGGTTC----snapshot.png	4	rdmorin		
12:122459822-122460223--BCL7A--Reddy_2669T----AGACGAGGAGCCGGGCCAA--snapshot.png	1	rdmorin	MM	
12:122459798-122460199--BCL7A--Reddy_2211T--A-G--snapshot.png	3	rdmorin		
12:122459798-122460199--BCL7A--Reddy_3451T--A-G--snapshot.png	3	rdmorin		
12:122459798-122460199--BCL7A--Reddy_3535T--A-T--snapshot.png	2	rdmorin		
12:122459798-122460199--BCL7A--Reddy_3617T--A-T--snapshot.png	2	rdmorin		
12:122459799-122460200--BCL7A--Reddy_2203T--T-G--snapshot.png	3	rdmorin		
12:122459799-122460200--BCL7A--Reddy_3703T--T-G--snapshot.png	4	rdmorin		
12:122459810-122460211--BCL7A--Reddy_3683T--T-C--snapshot.png	3	rdmorin		
12:122459814-122460215--BCL7A--Reddy_2073T--T-C--snapshot.png	4	rdmorin		
12:122459816-122460217--BCL7A--Reddy_3849T--C-G--snapshot.png	3	rdmorin		
12:122459820-122460221--BCL7A--Reddy_2654T--C-G--snapshot.png	4	rdmorin		
12:122459820-122460221--BCL7A--Reddy_2713T--C-G--snapshot.png	5	rdmorin		
12:122459820-122460221--BCL7A--Reddy_3834T--C-A--snapshot.png	4	rdmorin		
1:150551281-150551682--MCL1--Reddy_3905T--GGT----snapshot.png	4	rdmorin		
1:150549673-150550074--MCL1--Reddy_3825T--C-G--snapshot.png	2	rdmorin	LVF	
1:150550578-150550979--MCL1--Reddy_3829T--C-G--snapshot.png	1	rdmorin	LVF	
1:150550602-150551003--MCL1--Reddy_3664T--C-G--snapshot.png	1	rdmorin	LVF	
1:150550623-150551024--MCL1--Reddy_3547T--A-C--snapshot.png	3	rdmorin	MM	
1:150550739-150551140--MCL1--Reddy_2153T--G-C--snapshot.png	3	rdmorin		
1:150550762-150551163--MCL1--Reddy_2706T--G-T--snapshot.png	2	rdmorin		
1:150550762-150551163--MCL1--Reddy_3782T--G-A--snapshot.png	3	rdmorin		
1:150550765-150551166--MCL1--Reddy_3454T--T-G--snapshot.png	4	rdmorin		
1:150550765-150551166--MCL1--Reddy_3468T--T-G--snapshot.png	4	rdmorin		
1:150551151-150551552--MCL1--Reddy_3984T--C-G--snapshot.png	3	rdmorin		
1:150551157-150551558--MCL1--Reddy_2554T--C-G--snapshot.png	4	rdmorin		
1:150551238-150551639--MCL1--Reddy_3777T--G-C--snapshot.png	4	rdmorin		
1:150551245-150551646--MCL1--Reddy_2727T--C-T--snapshot.png	4	rdmorin	LVF	
1:150551283-150551684--MCL1--Reddy_3825T--T-G--snapshot.png	3	rdmorin	LVF;HDR	
1:150551285-150551686--MCL1--Reddy_3817T--C-A--snapshot.png	3	rdmorin	LVF;MM	
1:150551288-150551689--MCL1--Reddy_3817T--C-A--snapshot.png	3	rdmorin		
1:150551294-150551695--MCL1--Reddy_3766T--C-G--snapshot.png	4	rdmorin	LVF	
1:150551317-150551718--MCL1--Reddy_2114T--G-C--snapshot.png	4	rdmorin	LVF	
1:150551342-150551743--MCL1--Reddy_2832T--A-T--snapshot.png	4	rdmorin		
1:150551346-150551747--MCL1--Reddy_3385T--G-C--snapshot.png	2	rdmorin	LVF;MM	
1:150551368-150551769--MCL1--Reddy_2476T--C-G--snapshot.png	2	rdmorin	LVF	
1:150551376-150551777--MCL1--Reddy_3965T--A-T--snapshot.png	3	rdmorin	LVF;MM	
1:150551377-150551778--MCL1--Reddy_2649T--G-T--snapshot.png	4	rdmorin		
1:150551385-150551786--MCL1--Reddy_3965T--A-T--snapshot.png	3	rdmorin	LVF;MM	
1:150551410-150551811--MCL1--Reddy_2153T--G-C--snapshot.png	4	rdmorin	LVF	
1:150551416-150551817--MCL1--Reddy_3593T--G-C--snapshot.png	2	rdmorin	LVF	
1:150551591-150551992--MCL1--Reddy_2074T--G-T--snapshot.png	4	rdmorin		
1:150551604-150552005--MCL1--Reddy_3593T--G-A--snapshot.png	3	rdmorin	LVF	
1:150551615-150552016--MCL1--Reddy_2525T--G-C--snapshot.png	4	rdmorin		
1:150551775-150552176--MCL1--Reddy_3952T--C-T--snapshot.png	2	rdmorin		
1:150551796-150552197--MCL1--Reddy_830T--A-C--snapshot.png	4	rdmorin		
1:150551142-150551543--MCL1--Reddy_3471T--C-T--snapshot.png	4	rdmorin		
1:150551343-150551744--MCL1--Reddy_2124T--C-T--snapshot.png	4	rdmorin		
1:150551343-150551744--MCL1--Reddy_2540T--C-T--snapshot.png	4	rdmorin		
1:150551343-150551744--MCL1--Reddy_3476T--C-T--snapshot.png	4	rdmorin		
1:150551343-150551744--MCL1--Reddy_3602T--C-T--snapshot.png	4	rdmorin		
1:150551376-150551777--MCL1--Reddy_3811T--A-G--snapshot.png	4	rdmorin		
1:150551376-150551777--MCL1--Reddy_3825T--A-G--snapshot.png	4	rdmorin		
1:150551376-150551777--MCL1--Reddy_3829T--A-G--snapshot.png	4	rdmorin		
18:30349761-30350162--KLHL14--Reddy_3685T--CAGGCCGTGCAG----snapshot.png	5	rdmorin		
18:30349829-30350230--KLHL14--Reddy_2297T--ACTGCACGCAGAGCTTGGTG----snapshot.png	5	rdmorin		
18:30350196-30350597--KLHL14--Reddy_3699T--GGAGG----snapshot.png	3	rdmorin	MM	
18:30260066-30260467--KLHL14--Reddy_2939T--A-G--snapshot.png	3	rdmorin	LVF	
18:30260274-30260675--KLHL14--Reddy_3991T--A-T--snapshot.png	1	rdmorin		
18:30321811-30322212--KLHL14--Reddy_2485T--T-C--snapshot.png	4	rdmorin		
18:30349411-30349812--KLHL14--Reddy_2838T--C-T--snapshot.png	3	rdmorin		
18:30349455-30349856--KLHL14--Reddy_3699T--G-T--snapshot.png	3	rdmorin	MM;LCT;NCN	
18:30349458-30349859--KLHL14--Reddy_2581T--G-T--snapshot.png	3	rdmorin		
18:30349502-30349903--KLHL14--Reddy_2482T--G-A--snapshot.png	3	rdmorin	MV;MM	
18:30349527-30349928--KLHL14--Reddy_3685T--C-G--snapshot.png	4	rdmorin		
18:30349567-30349968--KLHL14--Reddy_3674T--C-T--snapshot.png	4	rdmorin		
18:30349628-30350029--KLHL14--Reddy_759T--C-G--snapshot.png	2	rdmorin		
18:30349650-30350051--KLHL14--Reddy_3627T--C-G--snapshot.png	4	rdmorin	MM	
18:30349678-30350079--KLHL14--Reddy_2578T--T-C--snapshot.png	4	rdmorin	LVF	
18:30349682-30350083--KLHL14--Reddy_2482T--G-C--snapshot.png	4	rdmorin	MM	
18:30349709-30350110--KLHL14--Reddy_2152T--G-C--snapshot.png	4	rdmorin		
18:30349727-30350128--KLHL14--Reddy_3782T--C-T--snapshot.png	3	rdmorin	LVF	
18:30349832-30350233--KLHL14--Reddy_3984T--G-C--snapshot.png	4	rdmorin		
18:30349856-30350257--KLHL14--Reddy_2114T--G-A--snapshot.png	3	rdmorin	LVF	
2:32626237-32626638--BIRC6--Reddy_3609T--T----snapshot.png	4	rdmorin		
2:32667005-32667406--BIRC6--Reddy_2830T--AG----snapshot.png	4	rdmorin		
2:32819901-32820302--BIRC6--Reddy_2838T--A----snapshot.png	4	rdmorin		
2:32582322-32582723--BIRC6--Reddy_2073T--C-G--snapshot.png	4	rdmorin		
2:32626483-32626884--BIRC6--Reddy_695T--A-C--snapshot.png	3	rdmorin		
2:32639965-32640366--BIRC6--Reddy_3490T--A-G--snapshot.png	4	rdmorin		
3:71021617-71022018--FOXP1--Reddy_3816T--C-T--snapshot.png	3	rdmorin		
3:71025899-71026300--FOXP1--Reddy_2918T--G-A--snapshot.png	2	rdmorin		
3:71026814-71027215--FOXP1--Reddy_2448T--C-T--snapshot.png	2	rdmorin		
3:71026893-71027294--FOXP1--Reddy_2765T--C-T--snapshot.png	5	rdmorin		
3:71036958-71037359--FOXP1--Reddy_3861T--G-A--snapshot.png	1	rdmorin		
3:71096043-71096444--FOXP1--Reddy_2128T--G-A--snapshot.png	4	rdmorin		
3:71161561-71161962--FOXP1--Reddy_3898T--G-A--snapshot.png	2	rdmorin	LVF	
3:71179481-71179882--FOXP1--Reddy_3726T--G-A--snapshot.png	4	rdmorin		
3:71179484-71179885--FOXP1--Reddy_3711T--C-G--snapshot.png	4	rdmorin		
3:71179487-71179888--FOXP1--Reddy_3833T--T-A--snapshot.png	4	rdmorin		
3:71179513-71179914--FOXP1--Reddy_2581T--C-T--snapshot.png	2	rdmorin		
3:71179588-71179989--FOXP1--Reddy_3778T--G-T--snapshot.png	4	rdmorin		
3:71179589-71179990--FOXP1--Reddy_2217T--T-A--snapshot.png	2	rdmorin		
3:71179607-71180008--FOXP1--Reddy_3552T--C-T--snapshot.png	3	rdmorin		
3:71246953-71247354--FOXP1--Reddy_2838T--G-A--snapshot.png	5	rdmorin		
3:71247211-71247612--FOXP1--Reddy_2241T--G-A--snapshot.png	4	rdmorin		
3:71247289-71247690--FOXP1--Reddy_2045T--G-A--snapshot.png	4	rdmorin		
11:108216412-108216813--ATM--Reddy_3937T--G-T--snapshot.png	4	rdmorin		
11:108098189-108098590--ATM--Reddy_3622T--G-A--snapshot.png	2	rdmorin		
11:108117599-108118000--ATM--Reddy_2142T--G-A--snapshot.png	2	rdmorin		
11:108117599-108118000--ATM--Reddy_2157T--G-A--snapshot.png	1	rdmorin		
11:108117599-108118000--ATM--Reddy_3613T--G-A--snapshot.png	1	rdmorin		
11:108117599-108118000--ATM--Reddy_3617T--G-A--snapshot.png	1	rdmorin		
11:108119467-108119868--ATM--Reddy_2878T--A-G--snapshot.png	3	rdmorin	LCT;NCN	
11:108121274-108121675--ATM--Reddy_3609T--C-T--snapshot.png	0	rdmorin	LVF;LCT;SSE;NCN	
11:108121278-108121679--ATM--Reddy_3407T--A-G--snapshot.png	2	rdmorin	LVF	
11:108121278-108121679--ATM--Reddy_3408T--A-G--snapshot.png	2	rdmorin		
11:108121278-108121679--ATM--Reddy_3413T--A-G--snapshot.png	2	rdmorin	LVF	Possible amplicon
11:108121278-108121679--ATM--Reddy_3419T--A-G--snapshot.png	2	rdmorin	SSE	Possible amplicon
11:108121328-108121729--ATM--Reddy_3406T--CA-C--snapshot.png	2	rdmorin	HDR	Likely amplicon
11:108126775-108127176--ATM--Reddy_3490T--C-T--snapshot.png	1	rdmorin		
11:108154932-108155333--ATM--Reddy_2089T--G-A--snapshot.png	4	rdmorin		
11:108154932-108155333--ATM--Reddy_2767T--G-A--snapshot.png	4	rdmorin		
11:108154932-108155333--ATM--Reddy_2884T--G-A--snapshot.png	5	rdmorin		
11:108154932-108155333--ATM--Reddy_2948T--G-A--snapshot.png	4	rdmorin		
11:108154932-108155333--ATM--Reddy_3915T--G-A--snapshot.png	3	rdmorin		
7:82544583-82544984--PCLO--Reddy_3479T--T----snapshot.png	4	rdmorin		
7:82580459-82580860--PCLO--Reddy_3456T--A----snapshot.png	4	rdmorin		
7:82584439-82584840--PCLO--Reddy_3759T----T--snapshot.png	4	rdmorin		
7:82784318-82784719--PCLO--Reddy_2838T--G----snapshot.png	4	rdmorin		
7:82387719-82388120--PCLO--Reddy_3930T--A-G--snapshot.png	4	rdmorin		
7:82387818-82388219--PCLO--Reddy_2778T--G-A--snapshot.png	4	rdmorin		
7:82389816-82390217--PCLO--Reddy_3856T--C-T--snapshot.png	4	rdmorin		
7:82389833-82390234--PCLO--Reddy_2838T--T-G--snapshot.png	3	rdmorin		
7:82389865-82390266--PCLO--Reddy_2620T--T-C--snapshot.png	3	rdmorin		
7:82389884-82390285--PCLO--Reddy_813T--T-C--snapshot.png	3	rdmorin		
7:82430664-82431065--PCLO--Reddy_2128T--C-A--snapshot.png	5	rdmorin		
7:82451689-82452090--PCLO--Reddy_2215T--T-C--snapshot.png	4	rdmorin		
7:82451707-82452108--PCLO--Reddy_2832T--G-C--snapshot.png	4	rdmorin		
7:82453404-82453805--PCLO--Reddy_2838T--C-A--snapshot.png	3	rdmorin		
1:220825215-220825616--MARK1--Reddy_3640T--G-C--snapshot.png	3	rdmorin		
1:220826371-220826772--MARK1--Reddy_3937T--G-A--snapshot.png	4	rdmorin	HDR	
1:220702008-220702409--MARK1--Reddy_3677T--C-T--snapshot.png	1	rdmorin		
1:220702008-220702409--MARK1--Reddy_3936T--C-T--snapshot.png	1	rdmorin		
1:220791784-220792185--MARK1--Reddy_2578T--C-T--snapshot.png	1	rdmorin		
1:220808534-220808935--MARK1--Reddy_3563T--C-T--snapshot.png	2	rdmorin		
1:220808534-220808935--MARK1--Reddy_3767T--C-T--snapshot.png	1	rdmorin		
1:220823828-220824229--MARK1--Reddy_3547T--C-T--snapshot.png	1	rdmorin		
1:220823828-220824229--MARK1--Reddy_3911T--C-T--snapshot.png	1	rdmorin		
1:220825285-220825686--MARK1--Reddy_3917T--C-T--snapshot.png	1	rdmorin		
1:220826379-220826780--MARK1--Reddy_2450T--G-A--snapshot.png	4	rdmorin		
1:220826490-220826891--MARK1--Reddy_3941T--C-T--snapshot.png	2	rdmorin		
1:220830948-220831349--MARK1--Reddy_3777T--G-A--snapshot.png	1	rdmorin		
1:220830966-220831367--MARK1--Reddy_2109T--G-A--snapshot.png	1	rdmorin		
1:220830966-220831367--MARK1--Reddy_2191T--G-A--snapshot.png	1	rdmorin		
1:220830966-220831367--MARK1--Reddy_2278T--G-A--snapshot.png	1	rdmorin		
1:220835159-220835560--MARK1--Reddy_3546T--G-A--snapshot.png	1	rdmorin		
1:220835159-220835560--MARK1--Reddy_3601T--G-A--snapshot.png	1	rdmorin		
1:23885501-23885902--ID3--Reddy_3504T--C----snapshot.png	4	rdmorin	MV	
1:23885564-23885965--ID3--Reddy_2671T--GCAGGCGGGAGTAGCA----snapshot.png	5	rdmorin	MV	
1:23885581-23885982--ID3--Reddy_2908T--TGGT----snapshot.png	5	rdmorin		
1:23885255-23885656--ID3--Reddy_3439T--T-G--snapshot.png	4	rdmorin		
1:23885264-23885665--ID3--Reddy_2213T--C-G--snapshot.png	3	rdmorin	LVF;MM	
1:23885264-23885665--ID3--Reddy_3639T--C-G--snapshot.png	3	rdmorin		
1:23885270-23885671--ID3--Reddy_2944T--T-G--snapshot.png	3	rdmorin		
1:23885279-23885680--ID3--Reddy_2581T--G-C--snapshot.png	3	rdmorin		
1:23885291-23885692--ID3--Reddy_3496T--T-G--snapshot.png	4	rdmorin		
1:23885302-23885703--ID3--Reddy_2112T--C-G--snapshot.png	2	rdmorin		
1:23885418-23885819--ID3--Reddy_3689T--C-G--snapshot.png	4	rdmorin	MV	
1:23885422-23885823--ID3--Reddy_3715T--A-G--snapshot.png	3	rdmorin		
2:145146930-145147331--ZEB2--Reddy_3937T--G----snapshot.png	4	rdmorin		
2:145156621-145157022--ZEB2--Reddy_2093T--TTCCT----snapshot.png	4	rdmorin		
2:145156810-145157211--ZEB2--Reddy_2838T--A----snapshot.png	4	rdmorin	MN	
2:145156901-145157302--ZEB2--Reddy_823T--G----snapshot.png	4	rdmorin		
2:145157127-145157528--ZEB2--Reddy_3408T----T--snapshot.png	4	rdmorin	MN	
2:145161322-145161723--ZEB2--Reddy_3749T----AGCT--snapshot.png	4	rdmorin		
2:145274685-145275086--ZEB2--Reddy_2810T--CCGGGGGCCAT----snapshot.png	4	rdmorin		
2:145147276-145147677--ZEB2--Reddy_2764T--G-A--snapshot.png	3	rdmorin	LVF	
2:145156018-145156419--ZEB2--Reddy_3834T--G-A--snapshot.png	3	rdmorin		
2:145156914-145157315--ZEB2--Reddy_3834T--G-C--snapshot.png	2	rdmorin		
19:56459241-56459642--NLRP8--Reddy_3505T--A----snapshot.png	4	rdmorin		
19:56465868-56466269--NLRP8--Reddy_3456T----A--snapshot.png	4	rdmorin		
19:56481755-56482156--NLRP8--Reddy_2230T----A--snapshot.png	4	rdmorin		
19:56459339-56459740--NLRP8--Reddy_3506T--C-T--snapshot.png	4	rdmorin		
19:56459352-56459753--NLRP8--Reddy_3733T--G-A--snapshot.png	4	rdmorin		
19:56459352-56459753--NLRP8--Reddy_3766T--G-A--snapshot.png	4	rdmorin		
19:56463724-56464125--NLRP8--Reddy_2917T--C-A--snapshot.png	3	rdmorin		
19:56463724-56464125--NLRP8--Reddy_3971T--C-A--snapshot.png	3	rdmorin		
6:74228604-74229005--EEF1A1--Reddy_2664T--TGGAATCCATTT----snapshot.png	3	rdmorin	LM	
6:74228646-74229047--EEF1A1--Reddy_3905T--CCAGTGTGTAAG----snapshot.png	3	rdmorin	LM	
6:74228871-74229272--EEF1A1--Reddy_2655T--CT----snapshot.png	4	rdmorin		
6:74227553-74227954--EEF1A1--Reddy_2953T--C-A--snapshot.png	1	rdmorin		
6:74227760-74228161--EEF1A1--Reddy_2617T--T-A--snapshot.png	4	rdmorin		
6:74227935-74228336--EEF1A1--Reddy_3562T--T-C--snapshot.png	3	rdmorin		
