Gene	Year	Citekey	Entity	Tier
ABCA13	2016	spinaGeneticsNodalMarginal2016b	MZL	2
ABCA3	2013	beaLandscapeSomaticMutations2013	MCL	2
ABCC9	2013	beaLandscapeSomaticMutations2013	MCL	2
ABI3BP	2013	morinMutationalStructuralAnalysis2013	DLBCL	2
ABL2	2023	russler-germainMutationsAssociatedProgression2023a	FL	2
ACAD9	2012	loveGeneticLandscapeMutations2012	BL	2
ACE	2012	loveGeneticLandscapeMutations2012	BL	2
ACTB	2012	lohrDiscoveryPrioritizationSomatic2012a	DLBCL	1
ACTG1	2016	spinaGeneticsNodalMarginal2016b	MZL	2
ADAMTS1	2021	hubschmannMutationalMechanismsShaping2021b	DLBCL	2
ADAMTS5	2022	burkhardtClinicalRelevanceMolecular2022b	BL	2
ADD2	2016	spinaGeneticsNodalMarginal2016b	MZL	2
ADNP	2022	burkhardtClinicalRelevanceMolecular2022b	BL	2
AGO4	2022	burkhardtClinicalRelevanceMolecular2022b	BL	2
AICDA	2018	arthurGenomewideDiscoverySomatic2018	DLBCL	2
ALPK2	2019	paneaWholeGenomeLandscape2019	BL	2
AMN	2016	spinaGeneticsNodalMarginal2016b	MZL	2
AMOTL1	2013	parryWholeExomeSequencing2013	MZL	2
ANK2	2014	zhangGenomicLandscapeMantle2014	MCL	2
ANKRD12	2021	hubschmannMutationalMechanismsShaping2021b	DLBCL	2
ANKRD17	2017	reddyGeneticFunctionalDrivers2017	DLBCL	2
AOC2	2016	spinaGeneticsNodalMarginal2016b	MZL	2
ARHGAP20	2017	jalladesExomeSequencingIdentifies2017	MZL	2
ARHGEF1	2014	muppidiLossSignalingGa132014b	BL	2
ARHGEF15	2017	jalladesExomeSequencingIdentifies2017	MZL	2
ARHGEF17	2017	jalladesExomeSequencingIdentifies2017	MZL	2
ARID1A	2012	loveGeneticLandscapeMutations2012	BL	1
ARID1B	2017	reddyGeneticFunctionalDrivers2017	DLBCL	2
ARID5B	2017	reddyGeneticFunctionalDrivers2017	DLBCL	2
ATM	2012	braggioGenomicAnalysisMarginal2012	MZL	1
ATP11C	2014	zhangGenomicLandscapeMantle2014	MCL	2
ATP2C2	2012	loveGeneticLandscapeMutations2012	BL	2
ATP6AP1	2016	okosunRecurrentMTORC1activatingRRAGC2016a	FL	1
ATP6V1A	2021	hubschmannMutationalMechanismsShaping2021b	FL	2
ATP6V1B2	2016	okosunRecurrentMTORC1activatingRRAGC2016a	FL	1
ATR	2017	reddyGeneticFunctionalDrivers2017	DLBCL	2
B2M	2011	morinFrequentMutationHistonemodifying2011	DLBCL	1
BACH2	2019	grandeGenomewideDiscoverySomatic2019	BL	2
BCL10	2011	morinFrequentMutationHistonemodifying2011	DLBCL	1
BCL11A	NA	Unknown	DLBCL	1
BCL2	1992	tanakaFrequentIncidenceSomatic1992	DLBCL	1
BCL2L11	NA	Unknown	BL	2
BCL6	2011	morinFrequentMutationHistonemodifying2011	DLBCL	1
BCL7A	2017	krysiakRecurrentSomaticMutations2017b	FL	1
BCOR	2017	jalladesExomeSequencingIdentifies2017	MZL	2
BCR	NA	Unknown	DLBCL	1
BIRC3	2011	rossiAlterationBIRC3Multiple2011a	MZL	1
BIRC6	2017	reddyGeneticFunctionalDrivers2017	DLBCL	1
BLK	NA	Unknown	DLBCL	2
BMP7	2019	paneaWholeGenomeLandscape2019	BL	1
BRAF	2011	tiacciBRAFMutationsHairycell2011a	DLBCL	1
BRD4	2012	loveGeneticLandscapeMutations2012	BL	2
BRINP3	2017	reddyGeneticFunctionalDrivers2017	DLBCL	2
BTBD3	2017	reddyGeneticFunctionalDrivers2017	DLBCL	2
BTG1	2011	morinFrequentMutationHistonemodifying2011	DLBCL	1
BTG2	2011	morinFrequentMutationHistonemodifying2011	DLBCL	1
BTK	2017	albuquerqueEnhancingKnowledgeDiscovery2017a	DLBCL	1
C16orf48	2012	schmitzBurkittLymphomaPathogenesis2012	BL	2
C6orf103	2016	spinaGeneticsNodalMarginal2016b	MZL	2
C6orf27	2012	loveGeneticLandscapeMutations2012	BL	2
CAD	2012	loveGeneticLandscapeMutations2012	BL	2
CADPS2	2021	hubschmannMutationalMechanismsShaping2021b	DLBCL	2
CARD11	2008	lenzOncogenicCARD11Mutations2008	DLBCL	1
CARD4	2012	loveGeneticLandscapeMutations2012	BL	2
CASP8	2017	reddyGeneticFunctionalDrivers2017	DLBCL	1
CBFA2T3	2013	parryWholeExomeSequencing2013	MZL	2
CBLB	2017	reddyGeneticFunctionalDrivers2017	DLBCL	2
CCDC42BPB	2021	hubschmannMutationalMechanismsShaping2021b	FL	2
CCL4	2018	chapuyMolecularSubtypesDiffuse2018b	DLBCL	2
CCND1	2013	beaLandscapeSomaticMutations2013	MCL	1
CCND3	2011	morinFrequentMutationHistonemodifying2011	DLBCL	1
CCNF	2015	abateDistinctViralMutational2015a	BL	2
CCT6B	2012	loveGeneticLandscapeMutations2012	BL	2
CD22	2017	reddyGeneticFunctionalDrivers2017	DLBCL	2
CD274	2011	morinFrequentMutationHistonemodifying2011	DLBCL	1
CD36	2011	pasqualucciAnalysisCodingGenome2011	DLBCL	1
CD44	2018	arthurGenomewideDiscoverySomatic2018	DLBCL	2
CD58	2011	morinFrequentMutationHistonemodifying2011	DLBCL	1
CD70	2011	morinFrequentMutationHistonemodifying2011	DLBCL	1
CD74	2018	arthurGenomewideDiscoverySomatic2018	DLBCL	2
CD79A	2012	rossiCodingGenomeSplenic2012c	MZL	2
CD79B	2011	morinFrequentMutationHistonemodifying2011	DLBCL	1
CD83	2013	morinMutationalStructuralAnalysis2013	DLBCL	1
CD9B	2017	vandenbrandRecurrentMutationsGenes2017	MZL	2
CDC42BPB	2016	spinaGeneticsNodalMarginal2016b	MZL	2
CDC73	2012	loveGeneticLandscapeMutations2012	BL	2
CDH17	2012	loveGeneticLandscapeMutations2012	BL	2
CDH8	2014	zhangGenomicLandscapeMantle2014	MCL	2
CDH9	2013	morinMutationalStructuralAnalysis2013	DLBCL	2
CDKN2A	2013	morinMutationalStructuralAnalysis2013	DLBCL	1
CDKN2C	2023	thomasGeneticSubgroupsInform2023	BL	2
CHD1	2017	reddyGeneticFunctionalDrivers2017	DLBCL	2
CHD4	2022	burkhardtClinicalRelevanceMolecular2022b	BL	2
CHD8	2017	reddyGeneticFunctionalDrivers2017	DLBCL	2
CHMP4C	2013	beaLandscapeSomaticMutations2013	MCL	2
CHST2	2017	reddyGeneticFunctionalDrivers2017	DLBCL	2
CIITA	2011	morinFrequentMutationHistonemodifying2011	DLBCL	1
CILP	2023	russler-germainMutationsAssociatedProgression2023a	FL	2
CLGN	2016	spinaGeneticsNodalMarginal2016b	MZL	2
CNKSR2	2016	spinaGeneticsNodalMarginal2016b	MZL	2
CNOT2	2021	hubschmannMutationalMechanismsShaping2021b	DLBCL	2
CNTNAP5	2013	morinMutationalStructuralAnalysis2013	DLBCL	2
COL11A1	2014	zhangGenomicLandscapeMantle2014	MCL	2
COL16A1	2014	zhangGenomicLandscapeMantle2014	MCL	2
COL4A2	2012	loveGeneticLandscapeMutations2012	BL	2
COQ7	2018	chapuyMolecularSubtypesDiffuse2018b	DLBCL	2
CPNE8	2021	hubschmannMutationalMechanismsShaping2021b	FL	2
CPXM2	2022	burkhardtClinicalRelevanceMolecular2022b	BL	2
CREBBP	2011	pasqualucciInactivatingMutationsAcetyltransferase2011a	DLBCL	1
CRIP1	2018	chapuyMolecularSubtypesDiffuse2018b	DLBCL	2
CRYBG3	2013	beaLandscapeSomaticMutations2013	MCL	2
CTCF	2019	paneaWholeGenomeLandscape2019	BL	2
CTNNA2	2014	zhangGenomicLandscapeMantle2014	MCL	2
CTSS	2020	barariaCathepsinAlterationsInduce2020c	FL	1
CXCR4	2012	khodabakhshiRecurrentTargetsAberrant2012	DLBCL	1
CXCR5	2018	schmitzGeneticsPathogenesisDiffuse2018a	DLBCL	1
CYB5D1	2012	loveGeneticLandscapeMutations2012	BL	2
CYP2A6	2023	russler-germainMutationsAssociatedProgression2023a	FL	2
CYP4F22	2012	loveGeneticLandscapeMutations2012	BL	2
DAZAP1	2020	pararajalingamCodingNoncodingDrivers2020	DLBCL	1
DCAF6	2017	reddyGeneticFunctionalDrivers2017	DLBCL	2
DCP1B	2013	beaLandscapeSomaticMutations2013	MCL	2
DDX10	2017	reddyGeneticFunctionalDrivers2017	DLBCL	2
DDX3X	2012	schmitzBurkittLymphomaPathogenesis2012	BL	1
DHCR7	2012	schmitzBurkittLymphomaPathogenesis2012	BL	2
DHDH	2014	zhangGenomicLandscapeMantle2014	MCL	2
DHX15	2021	hubschmannMutationalMechanismsShaping2021b	FL	2
DHX16	2021	hubschmannMutationalMechanismsShaping2021b	DLBCL	2
DICER1	2017	reddyGeneticFunctionalDrivers2017	DLBCL	2
DLC1	2014	zhangGenomicLandscapeMantle2014	MCL	2
DLGAP1	2012	loveGeneticLandscapeMutations2012	BL	2
DLGAP2	2013	beaLandscapeSomaticMutations2013	MCL	2
DNAH5	2013	morinMutationalStructuralAnalysis2013	DLBCL	2
DNAH7	2017	jalladesExomeSequencingIdentifies2017	MZL	2
DNAI1	2017	jalladesExomeSequencingIdentifies2017	MZL	2
DNAJC6	2013	beaLandscapeSomaticMutations2013	MCL	2
DNM2	2021	hubschmannMutationalMechanismsShaping2021b	DLBCL	2
DNMT1	2019	paneaWholeGenomeLandscape2019	BL	2
DNMT3A	2017	reddyGeneticFunctionalDrivers2017	DLBCL	2
DOCK1	2018	chapuyMolecularSubtypesDiffuse2018b	DLBCL	2
DOCK6	2017	jalladesExomeSequencingIdentifies2017	MZL	2
DSG4	2013	morinMutationalStructuralAnalysis2013	DLBCL	2
DSP	NA	Unknown	MZL	2
DTNB	NA	Unknown	MZL	2
DTX1	2012	rossiCodingGenomeSplenic2012c	MZL	1
DTX3L	2017	jalladesExomeSequencingIdentifies2017	MZL	2
DUSP2	2013	morinMutationalStructuralAnalysis2013	DLBCL	1
E2F2	2022	burkhardtClinicalRelevanceMolecular2022b	BL	2
EBF1	2013	bohleRoleEarlyBcell2013	DLBCL	1
EDNRB	2022	burkhardtClinicalRelevanceMolecular2022b	BL	2
EEF1A1	2021	hubschmannMutationalMechanismsShaping2021b	DLBCL	1
EGR1	2012	rossiCodingGenomeSplenic2012c	MZL	2
EGR2	2012	rossiCodingGenomeSplenic2012c	MZL	2
EHD1	NA	Unknown	BL	2
EIF2AK3	NA	Unknown	DLBCL	2
EIF2AK4	2014	zhangGenomicLandscapeMantle2014	MCL	2
EIF2C4	2012	loveGeneticLandscapeMutations2012	BL	2
EIF4A1	2019	paneaWholeGenomeLandscape2019	BL	1
ELP2	2012	schmitzBurkittLymphomaPathogenesis2012	BL	2
EML2	2012	loveGeneticLandscapeMutations2012	BL	2
ENTPD3	2012	loveGeneticLandscapeMutations2012	BL	2
EP300	2011	pasqualucciInactivatingMutationsAcetyltransferase2011a	DLBCL	1
EPHB2	2012	loveGeneticLandscapeMutations2012	BL	2
EPPK1	2019	paneaWholeGenomeLandscape2019	BL	1
ERAP1	2022	burkhardtClinicalRelevanceMolecular2022b	BL	2
ESX1	2014	zhangGenomicLandscapeMantle2014	MCL	2
ETS1	2011	morinFrequentMutationHistonemodifying2011	DLBCL	1
ETV6	2018	arthurGenomewideDiscoverySomatic2018	DLBCL	1
EWSR1	2020	pararajalingamCodingNoncodingDrivers2020	MCL	1
EXOSC6	2012	schmitzBurkittLymphomaPathogenesis2012	BL	2
EZH1	2017	jalladesExomeSequencingIdentifies2017	MZL	2
EZH2	2010	morinSomaticMutationsAltering2010	DLBCL	1
EZR	NA	Unknown	DLBCL	2
FAM102A	NA	Unknown	DLBCL	2
FAM129B	2012	loveGeneticLandscapeMutations2012	BL	2
FAM38B	2013	morinMutationalStructuralAnalysis2013	DLBCL	2
FANK1	NA	Unknown	DLBCL	2
FAS	2007	schollMutationsRegionFAS2007	DLBCL	1
FAT1	2016	spinaGeneticsNodalMarginal2016b	MZL	1
FAT4	2013	morinMutationalStructuralAnalysis2013	DLBCL	2
FBXO11	2013	parryWholeExomeSequencing2013	MZL	2
FBXW7	2013	zhangGeneticHeterogeneityDiffuse2013	DLBCL	1
FCRL3	NA	Unknown	DLBCL	2
FGFR3	2012	loveGeneticLandscapeMutations2012	BL	2
FIP1L1	NA	Unknown	BL	2
FLYWCH1	2012	schmitzBurkittLymphomaPathogenesis2012	BL	2
FNBP1	NA	Unknown	DLBCL	2
FNDC1	2013	morinMutationalStructuralAnalysis2013	DLBCL	2
FOXC1	2018	schmitzGeneticsPathogenesisDiffuse2018a	DLBCL	1
FOXO1	2011	morinFrequentMutationHistonemodifying2011	DLBCL	1
FOXP1	2017	reddyGeneticFunctionalDrivers2017	DLBCL	2
FTCD	2012	loveGeneticLandscapeMutations2012	BL	2
FUBP1	2017	reddyGeneticFunctionalDrivers2017	DLBCL	2
FUT5	2018	chapuyMolecularSubtypesDiffuse2018b	DLBCL	2
FZD3	2019	paneaWholeGenomeLandscape2019	BL	2
FZR1	2021	hubschmannMutationalMechanismsShaping2021b	FL	2
GABRA2	2018	chapuyMolecularSubtypesDiffuse2018b	DLBCL	2
GAK	2021	hubschmannMutationalMechanismsShaping2021b	DLBCL	2
GBP7	2023	russler-germainMutationsAssociatedProgression2023a	FL	2
GGTLA4	2012	loveGeneticLandscapeMutations2012	BL	2
GNA13	2011	morinFrequentMutationHistonemodifying2011	DLBCL	1
GNAI2	2013	morinMutationalStructuralAnalysis2013	DLBCL	1
GNAS	2017	reddyGeneticFunctionalDrivers2017	DLBCL	2
GOLGA5	2017	reddyGeneticFunctionalDrivers2017	DLBCL	2
GPC5	2018	schmitzGeneticsPathogenesisDiffuse2018a	DLBCL	2
GPR98	2016	spinaGeneticsNodalMarginal2016b	MZL	2
GPS2	2012	rossiCodingGenomeSplenic2012c	MZL	2
GRB2	2011	pasqualucciAnalysisCodingGenome2011	DLBCL	1
GRHPR	2018	arthurGenomewideDiscoverySomatic2018	DLBCL	1
GRIK5	2012	loveGeneticLandscapeMutations2012	BL	2
GRIN2A	2014	zhangGenomicLandscapeMantle2014	MCL	2
GRM6	2023	russler-germainMutationsAssociatedProgression2023a	FL	2
GSG2	2018	schmitzGeneticsPathogenesisDiffuse2018a	DLBCL	2
GTSE1	2012	schmitzBurkittLymphomaPathogenesis2012	BL	2
H1-4	NA	Unknown	MZL	1
H1-5	NA	Unknown	MZL	1
HDAC7	2013	morinMutationalStructuralAnalysis2013	DLBCL	2
HEPH	2014	zhangGenomicLandscapeMantle2014	MCL	2
HIST1H1B	2017	krysiakRecurrentSomaticMutations2017b	FL	1
HIST1H1C	2011	morinFrequentMutationHistonemodifying2011	DLBCL	1
HIST1H1D	2013	morinMutationalStructuralAnalysis2013	DLBCL	1
HIST1H1E	2013	morinMutationalStructuralAnalysis2013	DLBCL	1
HIST1H2AC	2013	morinMutationalStructuralAnalysis2013	DLBCL	1
HIST1H2AD	2017	jalladesExomeSequencingIdentifies2017	MZL	2
HIST1H2AG	2012	rossiCodingGenomeSplenic2012c	MZL	2
HIST1H2AM	2017	krysiakRecurrentSomaticMutations2017b	FL	1
HIST1H2BC	2017	reddyGeneticFunctionalDrivers2017	DLBCL	1
HIST1H2BD	2017	krysiakRecurrentSomaticMutations2017b	FL	1
HIST1H2BG	2017	krysiakRecurrentSomaticMutations2017b	FL	1
HIST1H2BK	2012	rossiCodingGenomeSplenic2012c	MZL	2
HIST1H2BM	2017	krysiakRecurrentSomaticMutations2017b	FL	2
HIST1H3B	2013	zhangGeneticHeterogeneityDiffuse2013	DLBCL	1
HIST1H3D	2019	paneaWholeGenomeLandscape2019	BL	2
HIST1H3G	2017	krysiakRecurrentSomaticMutations2017b	FL	1
HIST1H3H	2019	paneaWholeGenomeLandscape2019	BL	2
HIST1H3I	2017	krysiakRecurrentSomaticMutations2017b	FL	2
HIST1H3J	2019	paneaWholeGenomeLandscape2019	BL	2
HIST1H4J	2019	paneaWholeGenomeLandscape2019	BL	2
HIST2H2BE	2018	schmitzGeneticsPathogenesisDiffuse2018a	DLBCL	1
HIST4H4	2017	jalladesExomeSequencingIdentifies2017	MZL	2
HLA-A	NA	Unknown	DLBCL	1
HLA-B	NA	Unknown	DLBCL	1
HLA-C	NA	Unknown	DLBCL	1
HLA-DMA	NA	Unknown	DLBCL	1
HLA-DMB	NA	Unknown	DLBCL	1
HLA-DQA1	2021	hubschmannMutationalMechanismsShaping2021b	DLBCL	1
HLA-DQB1	2022	burkhardtClinicalRelevanceMolecular2022b	BL	2
HNF1B	2011	pasqualucciAnalysisCodingGenome2011	DLBCL	2
HNRNPD	NA	Unknown	DLBCL	1
HNRNPH1	2020	pararajalingamCodingNoncodingDrivers2020	DLBCL	1
HNRNPU	2017	reddyGeneticFunctionalDrivers2017	DLBCL	1
HRAS	2017	reddyGeneticFunctionalDrivers2017	DLBCL	2
HVCN1	2017	krysiakRecurrentSomaticMutations2017b	FL	1
ICK	2012	loveGeneticLandscapeMutations2012	BL	2
ID3	2012	schmitzBurkittLymphomaPathogenesis2012	DLBCL	2
IER2	2013	morinMutationalStructuralAnalysis2013	DLBCL	2
IFNGR1	2013	morinMutationalStructuralAnalysis2013	DLBCL	2
IGLL5	2023	russler-germainMutationsAssociatedProgression2023a	FL	2
IKBKB	2011	rossiAlterationBIRC3Multiple2011a	MZL	2
IKBKE	2021	hubschmannMutationalMechanismsShaping2021b	DLBCL	2
IKZF3	2013	morinMutationalStructuralAnalysis2013	DLBCL	1
IL16	NA	Unknown	DLBCL	1
IL4R	2021	dunsCharacterizationDLBCLPMBL2021b	DLBCL	1
IL6	2018	chapuyMolecularSubtypesDiffuse2018b	DLBCL	2
INO80	2013	zhangGeneticHeterogeneityDiffuse2013	DLBCL	2
IRAG2	NA	Unknown	DLBCL	2
IRF1	2021	hubschmannMutationalMechanismsShaping2021b	DLBCL	2
IRF4	2011	morinFrequentMutationHistonemodifying2011	DLBCL	1
IRF8	2011	morinFrequentMutationHistonemodifying2011	DLBCL	1
ITPKB	2018	schmitzGeneticsPathogenesisDiffuse2018a	DLBCL	1
ITPR3	2012	loveGeneticLandscapeMutations2012	BL	2
JAK1	2013	zhangGeneticHeterogeneityDiffuse2013	DLBCL	2
JAK3	2013	zhangGeneticHeterogeneityDiffuse2013	DLBCL	2
JUNB	2017	reddyGeneticFunctionalDrivers2017	DLBCL	1
JUP	2021	hubschmannMutationalMechanismsShaping2021b	FL	2
KANK2	2012	schmitzBurkittLymphomaPathogenesis2012	BL	2
KAT6A	2017	jalladesExomeSequencingIdentifies2017	MZL	2
KCMF1	2017	reddyGeneticFunctionalDrivers2017	DLBCL	2
KCNC2	2013	beaLandscapeSomaticMutations2013	MCL	2
KCNK10	2019	paneaWholeGenomeLandscape2019	BL	2
KDM6A	2017	jalladesExomeSequencingIdentifies2017	MZL	2
KIAA1671	2013	beaLandscapeSomaticMutations2013	MCL	2
KIF26A	2017	jalladesExomeSequencingIdentifies2017	MZL	2
KIFC3	2012	loveGeneticLandscapeMutations2012	BL	2
KIR3DL1	2023	russler-germainMutationsAssociatedProgression2023a	FL	2
KLF2	2011	pasqualucciAnalysisCodingGenome2011	DLBCL	1
KLHL14	2013	zhangGeneticHeterogeneityDiffuse2013	DLBCL	1
KLHL21	2018	schmitzGeneticsPathogenesisDiffuse2018a	DLBCL	2
KLHL26	2022	burkhardtClinicalRelevanceMolecular2022b	BL	2
KLHL6	2011	morinFrequentMutationHistonemodifying2011	DLBCL	1
KMT2C	2013	zhangGeneticHeterogeneityDiffuse2013	DLBCL	1
KMT2D	2011	morinFrequentMutationHistonemodifying2011	DLBCL	1
KRAS	2012	lohrDiscoveryPrioritizationSomatic2012a	DLBCL	1
LAMA5	2018	schmitzGeneticsPathogenesisDiffuse2018a	DLBCL	2
LAPTM5	2021	hubschmannMutationalMechanismsShaping2021b	FL	2
LCOR	2018	arthurGenomewideDiscoverySomatic2018	DLBCL	1
LIN54	2017	reddyGeneticFunctionalDrivers2017	DLBCL	2
LPP	2018	arthurGenomewideDiscoverySomatic2018	DLBCL	2
LRP12	2021	hubschmannMutationalMechanismsShaping2021b	DLBCL	2
LRP1B	2016	spinaGeneticsNodalMarginal2016b	MZL	2
LRRN3	2013	morinMutationalStructuralAnalysis2013	DLBCL	2
LTB	2018	chapuyMolecularSubtypesDiffuse2018b	DLBCL	1
LUZP4	2013	beaLandscapeSomaticMutations2013	MCL	2
LYN	2018	chapuyMolecularSubtypesDiffuse2018b	DLBCL	1
MAGEC1	2023	russler-germainMutationsAssociatedProgression2023a	FL	2
MAGT1	2017	reddyGeneticFunctionalDrivers2017	DLBCL	2
MALAT1	2018	arthurGenomewideDiscoverySomatic2018	DLBCL	2
MAP2K1	2015	shinBRAFV600EMAP2K12015	DLBCL	2
MAP3K14	2011	rossiAlterationBIRC3Multiple2011a	MZL	1
MAP3K6	2012	loveGeneticLandscapeMutations2012	BL	2
MAP4K4	2017	reddyGeneticFunctionalDrivers2017	DLBCL	2
MAP7D1	2023	russler-germainMutationsAssociatedProgression2023a	FL	2
MARK1	2017	reddyGeneticFunctionalDrivers2017	DLBCL	2
MCL1	2017	reddyGeneticFunctionalDrivers2017	DLBCL	1
MCRS1	2012	rossiCodingGenomeSplenic2012c	MZL	2
MECOM	2017	reddyGeneticFunctionalDrivers2017	DLBCL	2
MEF2B	2011	morinFrequentMutationHistonemodifying2011	DLBCL	1
MEF2C	2018	arthurGenomewideDiscoverySomatic2018	DLBCL	1
MET	2017	reddyGeneticFunctionalDrivers2017	DLBCL	2
MGA	2013	zhangGeneticHeterogeneityDiffuse2013	DLBCL	1
MGEA5	2021	hubschmannMutationalMechanismsShaping2021b	FL	2
MIR142	2012	kwanhianMicroRNA142Mutated202012b	DLBCL	2
MIR155HG	NA	Unknown	DLBCL	2
MKI67	2012	schmitzBurkittLymphomaPathogenesis2012	BL	2
MME	2019	paneaWholeGenomeLandscape2019	BL	2
MPDZ	2013	morinMutationalStructuralAnalysis2013	DLBCL	2
MPEG1	2013	morinMutationalStructuralAnalysis2013	DLBCL	1
MRGPRF	2014	zhangGenomicLandscapeMantle2014	MCL	2
MS4A1	2020	rushtonGeneticEvolutionaryPatterns2020	DLBCL	1
MSH2	2017	reddyGeneticFunctionalDrivers2017	DLBCL	2
MSH6	2017	reddyGeneticFunctionalDrivers2017	DLBCL	2
MSL2	2012	rossiCodingGenomeSplenic2012c	MZL	2
MTOR	2013	zhangGeneticHeterogeneityDiffuse2013	DLBCL	1
MYB	2017	reddyGeneticFunctionalDrivers2017	DLBCL	2
MYBPC2	2018	schmitzGeneticsPathogenesisDiffuse2018a	DLBCL	2
MYC	2001	pasqualucciHypermutationMultipleProtooncogenes2001a	DLBCL	1
MYCBP2	2021	hubschmannMutationalMechanismsShaping2021b	FL	2
MYD88	2012	yanBCRTLRSignaling2012a	MZL	1
MYH10	2012	loveGeneticLandscapeMutations2012	BL	2
MYLK	2017	jalladesExomeSequencingIdentifies2017	MZL	2
MYO18A	2012	schmitzBurkittLymphomaPathogenesis2012	BL	2
MYO1E	NA	Unknown	DLBCL	2
MYOM2	2011	pasqualucciAnalysisCodingGenome2011	DLBCL	1
N2RF2	2021	hubschmannMutationalMechanismsShaping2021b	DLBCL	2
NANOG	2018	chapuyMolecularSubtypesDiffuse2018b	DLBCL	2
NAV1	2018	chapuyMolecularSubtypesDiffuse2018b	DLBCL	2
NBEAL1	2012	loveGeneticLandscapeMutations2012	BL	2
NCOA3	NA	Unknown	DLBCL	2
NCOA6	2017	jalladesExomeSequencingIdentifies2017	MZL	2
NCOR1	2017	reddyGeneticFunctionalDrivers2017	DLBCL	2
NCOR2	2012	schmitzBurkittLymphomaPathogenesis2012	BL	2
NEAT1	2018	arthurGenomewideDiscoverySomatic2018	DLBCL	2
NF1	2017	reddyGeneticFunctionalDrivers2017	DLBCL	2
NFKB1	NA	Unknown	DLBCL	1
NFKB2	2017	reddyGeneticFunctionalDrivers2017	DLBCL	2
NFKBIA	2023	russler-germainMutationsAssociatedProgression2023a	FL	2
NFKBIE	2016	morinGeneticLandscapesRelapsed2016	DLBCL	1
NFKBIZ	2016	morinGeneticLandscapesRelapsed2016	DLBCL	1
NIN	2014	zhangGenomicLandscapeMantle2014	MCL	2
NLRC5	NA	Unknown	DLBCL	1
NLRP5	2013	morinMutationalStructuralAnalysis2013	DLBCL	2
NLRP8	2018	chapuyMolecularSubtypesDiffuse2018b	DLBCL	2
NOA1	2022	burkhardtClinicalRelevanceMolecular2022b	BL	2
NOL9	2016	spinaGeneticsNodalMarginal2016b	MZL	1
NOTCH1	2011	pasqualucciAnalysisCodingGenome2011	DLBCL	1
NOTCH2	2008	troenNOTCH2MutationsMarginal2008	DLBCL	1
NRAS	2017	jalladesExomeSequencingIdentifies2017	MZL	2
NRXN2	2012	loveGeneticLandscapeMutations2012	BL	2
NSD2	2013	beaLandscapeSomaticMutations2013	MCL	1
ODZ3	2013	morinMutationalStructuralAnalysis2013	DLBCL	2
OGDHL	2014	zhangGenomicLandscapeMantle2014	MCL	2
OR8H2	2023	russler-germainMutationsAssociatedProgression2023a	FL	2
OSBPL10	2018	arthurGenomewideDiscoverySomatic2018	DLBCL	1
P2RX5	2013	morinMutationalStructuralAnalysis2013	DLBCL	2
P2RY2	2012	loveGeneticLandscapeMutations2012	BL	2
P2RY8	2012	lohrDiscoveryPrioritizationSomatic2012a	DLBCL	1
PABPC4L	2019	paneaWholeGenomeLandscape2019	BL	2
PACRG	2016	spinaGeneticsNodalMarginal2016b	MZL	2
PAPOLG	2018	schmitzGeneticsPathogenesisDiffuse2018a	DLBCL	2
PARK2	2016	spinaGeneticsNodalMarginal2016b	MZL	2
PASK	2013	morinMutationalStructuralAnalysis2013	DLBCL	2
PAX5	2001	pasqualucciHypermutationMultipleProtooncogenes2001a	DLBCL	2
PC	2012	loveGeneticLandscapeMutations2012	BL	2
PCBP1	2012	schmitzBurkittLymphomaPathogenesis2012	BL	1
PCDHA11	2019	paneaWholeGenomeLandscape2019	BL	2
PCDHB11	2013	morinMutationalStructuralAnalysis2013	DLBCL	2
PCDHB2	2014	zhangGenomicLandscapeMantle2014	MCL	2
PCLO	2012	lohrDiscoveryPrioritizationSomatic2012a	DLBCL	2
PCSK2	2013	beaLandscapeSomaticMutations2013	MCL	2
PDCD11	2012	schmitzBurkittLymphomaPathogenesis2012	BL	2
PDE4DIP	2018	chapuyMolecularSubtypesDiffuse2018b	DLBCL	2
PDLIM3	2013	beaLandscapeSomaticMutations2013	MCL	2
PDS5B	2013	morinMutationalStructuralAnalysis2013	DLBCL	2
PDZRN3	2019	paneaWholeGenomeLandscape2019	BL	2
PHF6	2017	reddyGeneticFunctionalDrivers2017	DLBCL	2
PIK3CD	2017	reddyGeneticFunctionalDrivers2017	DLBCL	2
PIK3R1	2013	zhangGeneticHeterogeneityDiffuse2013	DLBCL	2
PIM1	2001	pasqualucciHypermutationMultipleProtooncogenes2001a	DLBCL	1
PIM2	2018	arthurGenomewideDiscoverySomatic2018	DLBCL	1
PKD1	2013	morinMutationalStructuralAnalysis2013	DLBCL	2
PLA2G4D	2013	parryWholeExomeSequencing2013	MZL	2
PLCG2	2019	paneaWholeGenomeLandscape2019	BL	2
PLXNB3	2014	zhangGenomicLandscapeMantle2014	MCL	2
PMAIP1	NA	Unknown	BL	2
PNPO	2021	hubschmannMutationalMechanismsShaping2021b	DLBCL	2
POGZ	2013	morinMutationalStructuralAnalysis2013	DLBCL	2
POLRMT	2012	loveGeneticLandscapeMutations2012	BL	2
POR	2012	loveGeneticLandscapeMutations2012	BL	2
POT1	2014	zhangGenomicLandscapeMantle2014	MCL	1
POU2AF1	2017	krysiakRecurrentSomaticMutations2017b	FL	1
POU2F2	2013	zhangGeneticHeterogeneityDiffuse2013	DLBCL	1
PPP1R9B	NA	Unknown	DLBCL	1
PPP4C	2021	hubschmannMutationalMechanismsShaping2021b	FL	2
PPP6R2	2022	burkhardtClinicalRelevanceMolecular2022b	BL	2
PRDM1	2013	morinMutationalStructuralAnalysis2013	DLBCL	1
PREX1	2022	burkhardtClinicalRelevanceMolecular2022b	BL	2
PRKCB	2013	morinMutationalStructuralAnalysis2013	DLBCL	2
PRKCD	NA	Unknown	BL	2
PRKDC	2018	schmitzGeneticsPathogenesisDiffuse2018a	DLBCL	1
PRPS1	2018	chapuyMolecularSubtypesDiffuse2018b	DLBCL	2
PRSS22	2012	loveGeneticLandscapeMutations2012	BL	2
PTEN	2012	loveGeneticLandscapeMutations2012	BL	1
PTMA	NA	Unknown	DLBCL	2
PTPN1	NA	Unknown	DLBCL	2
PTPN23	2013	morinMutationalStructuralAnalysis2013	DLBCL	2
PTPN6	2017	reddyGeneticFunctionalDrivers2017	DLBCL	2
PTPRD	2016	spinaGeneticsNodalMarginal2016b	MZL	1
PTPRK	2017	reddyGeneticFunctionalDrivers2017	DLBCL	2
PTPRN	2012	loveGeneticLandscapeMutations2012	BL	2
PXDNL	2019	paneaWholeGenomeLandscape2019	BL	2
PZP	2023	russler-germainMutationsAssociatedProgression2023a	FL	2
RAC2	2019	paneaWholeGenomeLandscape2019	BL	2
RAD9A	2018	chapuyMolecularSubtypesDiffuse2018b	DLBCL	2
RAF1	2017	jalladesExomeSequencingIdentifies2017	MZL	2
RANBP6	2012	loveGeneticLandscapeMutations2012	BL	2
RAPGEF2	NA	Unknown	MZL	2
RARA	2017	reddyGeneticFunctionalDrivers2017	DLBCL	2
RB1	2013	morinMutationalStructuralAnalysis2013	DLBCL	1
RBM6	2021	hubschmannMutationalMechanismsShaping2021b	FL	2
RBP3	2012	loveGeneticLandscapeMutations2012	BL	2
RCC	NA	Unknown	DLBCL	2
RCOR1	2016	spinaGeneticsNodalMarginal2016b	MZL	2
RET	2012	loveGeneticLandscapeMutations2012	BL	2
REV3L	2022	burkhardtClinicalRelevanceMolecular2022b	BL	2
RFTN1	2018	arthurGenomewideDiscoverySomatic2018	DLBCL	2
RFX7	2019	grandeGenomewideDiscoverySomatic2019	BL	1
RFXAP	NA	Unknown	DLBCL	1
RGS4	2013	beaLandscapeSomaticMutations2013	MCL	2
RHEX	NA	Unknown	DLBCL	2
RHOA	2001	pasqualucciHypermutationMultipleProtooncogenes2001a	DLBCL	1
RHOH	NA	Unknown	DLBCL	2
RNF144B	2019	paneaWholeGenomeLandscape2019	BL	2
ROBO2	2014	zhangGenomicLandscapeMantle2014	MCL	2
ROCK1	2017	jalladesExomeSequencingIdentifies2017	MZL	2
RPL10	2022	burkhardtClinicalRelevanceMolecular2022b	BL	2
RPL1L	2016	spinaGeneticsNodalMarginal2016b	MZL	2
RPL22	NA	Unknown	BL	2
RRAGC	2016	okosunRecurrentMTORC1activatingRRAGC2016a	DLBCL	1
RUBCNL	NA	Unknown	DLBCL	2
RUNX1	2017	reddyGeneticFunctionalDrivers2017	DLBCL	2
S1PR1	2020	pararajalingamCodingNoncodingDrivers2020	MCL	1
S1PR2	2011	morinFrequentMutationHistonemodifying2011	DLBCL	1
SAL3	2022	burkhardtClinicalRelevanceMolecular2022b	BL	2
SALL3	2012	loveGeneticLandscapeMutations2012	BL	2
SAMD5	2016	spinaGeneticsNodalMarginal2016b	MZL	2
SAMD9L	2013	morinMutationalStructuralAnalysis2013	DLBCL	2
SAPS2	2012	loveGeneticLandscapeMutations2012	BL	2
SARM1	2013	morinMutationalStructuralAnalysis2013	DLBCL	2
SBF1	2012	loveGeneticLandscapeMutations2012	BL	2
SCG3	2016	spinaGeneticsNodalMarginal2016b	MZL	2
SEL1L3	NA	Unknown	DLBCL	2
SEPT10	NA	Unknown	BL	2
SEPTIN9	NA	Unknown	DLBCL	2
SERPINA9	2018	arthurGenomewideDiscoverySomatic2018	DLBCL	2
SESN1	NA	Unknown	FL	2
SETD1B	2017	reddyGeneticFunctionalDrivers2017	DLBCL	1
SETD2	2013	zhangGeneticHeterogeneityDiffuse2013	DLBCL	2
SETD5	2017	reddyGeneticFunctionalDrivers2017	DLBCL	2
SF3B1	2012	loveGeneticLandscapeMutations2012	BL	2
SGK1	2011	morinFrequentMutationHistonemodifying2011	DLBCL	1
SHANK1	2012	loveGeneticLandscapeMutations2012	BL	2
SHROOM3	2023	russler-germainMutationsAssociatedProgression2023a	FL	2
SI	2014	zhangGenomicLandscapeMantle2014	MCL	2
SIAH2	2021	hubschmannMutationalMechanismsShaping2021b	DLBCL	2
SIN3A	2012	rossiCodingGenomeSplenic2012c	MZL	1
SLC17A6	2013	beaLandscapeSomaticMutations2013	MCL	2
SLC29A2	2012	loveGeneticLandscapeMutations2012	BL	2
SLC34A2	2021	hubschmannMutationalMechanismsShaping2021b	DLBCL	2
SMARCA4	2012	loveGeneticLandscapeMutations2012	BL	1
SMARCB1	2020	nadeuGenomicEpigenomicInsights2020a	MCL	2
SMC1A	2014	zhangGenomicLandscapeMantle2014	MCL	2
SMEK1	2018	chapuyMolecularSubtypesDiffuse2018b	DLBCL	2
SNTB2	2019	paneaWholeGenomeLandscape2019	BL	2
SOCS1	2011	morinFrequentMutationHistonemodifying2011	DLBCL	1
SP140	2013	beaLandscapeSomaticMutations2013	MCL	1
SP3	2019	paneaWholeGenomeLandscape2019	BL	2
SPEN	2012	rossiCodingGenomeSplenic2012c	DLBCL	1
SRRM2	2013	morinMutationalStructuralAnalysis2013	DLBCL	2
ST6GAL1	2018	arthurGenomewideDiscoverySomatic2018	DLBCL	2
STAB2	2023	russler-germainMutationsAssociatedProgression2023a	FL	2
STAT3	2014	ohgamiSTAT3MutationsAre2014	DLBCL	1
STAT5B	2013	zhangGeneticHeterogeneityDiffuse2013	DLBCL	2
STAT6	2015	yildizActivatingSTAT6Mutations2015c	DLBCL	1
STXBP5	2016	spinaGeneticsNodalMarginal2016b	MZL	2
SWAP70	2012	rossiCodingGenomeSplenic2012c	MZL	2
SYK	2017	reddyGeneticFunctionalDrivers2017	DLBCL	2
SYNCRIP	2019	paneaWholeGenomeLandscape2019	BL	2
SYNE1	2020	nadeuGenomicEpigenomicInsights2020a	MCL	1
SYNGAP1	2012	loveGeneticLandscapeMutations2012	BL	2
SYPL1	2013	morinMutationalStructuralAnalysis2013	DLBCL	2
TAF1	2013	morinMutationalStructuralAnalysis2013	DLBCL	1
TAP1	2018	schmitzGeneticsPathogenesisDiffuse2018a	DLBCL	2
TBC1D26	2014	zhangGenomicLandscapeMantle2014	MCL	2
TBC1D4	2018	arthurGenomewideDiscoverySomatic2018	DLBCL	2
TBC1D9B	2012	loveGeneticLandscapeMutations2012	BL	2
TBK1	2017	jalladesExomeSequencingIdentifies2017	MZL	2
TBL1XR1	2012	rossiCodingGenomeSplenic2012c	MZL	1
TCF3	2012	schmitzBurkittLymphomaPathogenesis2012	BL	1
TCL1A	2019	grandeGenomewideDiscoverySomatic2019	BL	1
TCTN2	2016	spinaGeneticsNodalMarginal2016b	MZL	2
TERT	2020	nadeuGenomicEpigenomicInsights2020a	MCL	1
TET2	2017	albuquerqueEnhancingKnowledgeDiscovery2017a	DLBCL	1
TFAP4	2019	grandeGenomewideDiscoverySomatic2019	BL	1
TGFBR2	2017	reddyGeneticFunctionalDrivers2017	DLBCL	2
TIGD6	2012	loveGeneticLandscapeMutations2012	BL	2
TIPARP	2017	reddyGeneticFunctionalDrivers2017	DLBCL	2
TLR2	2013	beaLandscapeSomaticMutations2013	MCL	1
TMEM30A	2011	morinFrequentMutationHistonemodifying2011	DLBCL	1
TMSB4X	2017	albuquerqueEnhancingKnowledgeDiscovery2017a	DLBCL	1
TNFAIP3	2011	rossiAlterationBIRC3Multiple2011a	MZL	1
TNFRSF14	2010	cheungAcquiredTNFRSF14Mutations2010a	DLBCL	1
TNIP2	2017	vandenbrandRecurrentMutationsGenes2017	MZL	2
TNRC6B	2013	beaLandscapeSomaticMutations2013	MCL	2
TOP2A	2012	schmitzBurkittLymphomaPathogenesis2012	BL	2
TOX	2017	reddyGeneticFunctionalDrivers2017	DLBCL	1
TP53	2011	morinFrequentMutationHistonemodifying2011	FL	1
TPP1	2021	hubschmannMutationalMechanismsShaping2021b	FL	2
TPST2	2012	loveGeneticLandscapeMutations2012	BL	2
TRAF3	2011	rossiAlterationBIRC3Multiple2011a	MZL	1
TRAF6	2021	hubschmannMutationalMechanismsShaping2021b	DLBCL	2
TRIP12	NA	Unknown	DLBCL	1
TRPM6	2013	beaLandscapeSomaticMutations2013	MCL	2
TRRAP	2012	rossiCodingGenomeSplenic2012c	MZL	2
TTN	2022	burkhardtClinicalRelevanceMolecular2022b	BL	2
UBE2A	2017	reddyGeneticFunctionalDrivers2017	DLBCL	1
UBE2J1	NA	Unknown	DLBCL	2
UBR5	2013	zhangGeneticHeterogeneityDiffuse2013	DLBCL	2
UNC5B	2021	hubschmannMutationalMechanismsShaping2021b	DLBCL	2
UNC5C	NA	Unknown	DLBCL	1
UNC5D	NA	Unknown	DLBCL	1
USH2A	2013	parryWholeExomeSequencing2013	MZL	2
USP7	2019	grandeGenomewideDiscoverySomatic2019	BL	1
VMA21	2021	hubschmannMutationalMechanismsShaping2021b	FL	1
VPS13B	NA	Unknown	DLBCL	1
VWA7	2022	burkhardtClinicalRelevanceMolecular2022b	BL	2
WAC	2012	rossiCodingGenomeSplenic2012c	MZL	2
WDFY3	2013	morinMutationalStructuralAnalysis2013	DLBCL	2
WDR7	2019	paneaWholeGenomeLandscape2019	BL	2
WDR90	2012	schmitzBurkittLymphomaPathogenesis2012	BL	2
WEE1	2018	schmitzGeneticsPathogenesisDiffuse2018a	DLBCL	1
WHAMM	2012	schmitzBurkittLymphomaPathogenesis2012	BL	2
WNK1	2017	jalladesExomeSequencingIdentifies2017	MZL	2
WNK2	2019	paneaWholeGenomeLandscape2019	BL	2
XBP1	NA	Unknown	DLBCL	2
XIRP2	2023	russler-germainMutationsAssociatedProgression2023a	FL	2
XPO1	2016	mareschalWholeExomeSequencing2016	DLBCL	1
YY1	2017	reddyGeneticFunctionalDrivers2017	DLBCL	2
YY1AP1	2012	schmitzBurkittLymphomaPathogenesis2012	BL	2
ZAN	2022	burkhardtClinicalRelevanceMolecular2022b	BL	2
ZBTB7A	2017	reddyGeneticFunctionalDrivers2017	DLBCL	2
ZC3H12A	2018	arthurGenomewideDiscoverySomatic2018	DLBCL	1
ZCCHC7	2018	arthurGenomewideDiscoverySomatic2018	DLBCL	2
ZEB2	2013	zhangGeneticHeterogeneityDiffuse2013	DLBCL	2
ZFAT	2017	reddyGeneticFunctionalDrivers2017	DLBCL	2
ZFP36L1	2011	morinFrequentMutationHistonemodifying2011	DLBCL	1
ZFX	2017	reddyGeneticFunctionalDrivers2017	DLBCL	2
ZNF117	2014	zhangGenomicLandscapeMantle2014	MCL	2
ZNF217	2021	hubschmannMutationalMechanismsShaping2021b	DLBCL	2
ZNF229	2012	loveGeneticLandscapeMutations2012	BL	2
ZNF292	2013	zhangGeneticHeterogeneityDiffuse2013	DLBCL	1
ZNF296	2014	zhangGenomicLandscapeMantle2014	MCL	2
ZNF423	2018	chapuyMolecularSubtypesDiffuse2018b	DLBCL	2
ZNF608	2013	zhangGeneticHeterogeneityDiffuse2013	DLBCL	1
ZNF85	2022	burkhardtClinicalRelevanceMolecular2022b	BL	2
ZNF9	2016	spinaGeneticsNodalMarginal2016b	MZL	2
